"Model","BIC","dBIC","Weight","Ratio","Wins","Cost","Pen","mBIC","Pars","Bins","N"
"testFit",13384.8029558223,0,1,"1.0",40,275.463501100829,59.1565727947289,334.620073895558,9,48.2,40
"testFit_byManipulation",30253.9282337531,16869.1252779308,0,">1000",0,677.472775450855,78.875430392972,756.348205843827,12,130,40
