"Model","BIC","dBIC","Weight","Ratio","Wins","Cost","Pen","mBIC","Pars","Bins","N"
"vratio",2648.70915942117,0,0.5,"1.0",1,2589.50840720168,59.2007522194904,2648.70915942117,9,44,1
"vratio_copy",2648.70915942117,0,0.5,"1.0",1,2589.50840720168,59.2007522194904,2648.70915942117,9,44,1
